title,artist,popularity score,categories,decade,original vocal
All Mixed Up,311,55,"Rock, Alternative / Indie, Medium",90s,Male
Amber,311,60,"Alternative / Indie, Easy",2000s,Male
Down,311,65,"Rock, Rap, Hard",90s,Male
Don't Stop,Fleetwood Mac,90,"Rock, Group Songs, Easy",70s,Mixed
Here Without You,3 Doors Down,75,"Rock, Easy",2000s,Male
Kryptonite,3 Doors Down,85,"Rock, Medium",2000s,Male
What's Up?,4 Non Blondes,95,"Rock, Group Songs, Vocal Flex",90s,Female
Candy Shop,50 Cent,70,"Hip-Hop, Rap, Medium",2000s,Male
In Da Club,50 Cent,92,"Hip-Hop, Rap, Group Songs, Easy",2000s,Male
Many Men,50 Cent,60,"Hip-Hop, Rap, Hard",2000s,Male
Dancing Queen,ABBA,100,"Pop, Group Songs, Easy",70s,Female
Gimme! Gimme! Gimme!,ABBA,85,"Pop, Vocal Flex",70s,Female
Lay All Your Love on Me,ABBA,75,"Pop, Medium",80s,Female
Mamma Mia,ABBA,98,"Pop, Group Songs, Easy",70s,Female
Super Trouper,ABBA,80,"Pop, Easy",80s,Female
Take a Chance on Me,ABBA,90,"Pop, Group Songs, Hard",70s,Mixed
Waterloo,ABBA,88,"Pop, Group Songs, Medium",70s,Mixed
Back in Black,AC/DC,95,"Rock, Hard Rock, Medium",80s,Male
Thunderstruck,AC/DC,85,"Hard Rock, Vocal Flex",90s,Male
You Shook Me All Night Long,AC/DC,97,"Rock, Group Songs, Easy",80s,Male
Rolling in the Deep,Adele,95,"Pop, Soul, Vocal Flex",2010s,Female
Take On Me,a-ha,96,"Pop, Vocal Flex",80s,Male
Chattahoochee,Alan Jackson,85,"Country, Easy",90s,Male
Drive (For Daddy Gene),Alan Jackson,65,"Country, Easy",2000s,Male
Remember When,Alan Jackson,70,"Country, Easy",2000s,Male
It's Five O'Clock Somewhere,Alan Jackson & Jimmy Buffett,95,"Country, Duets, Easy",2000s,Mixed
You Oughta Know,Alanis Morissette,92,"Rock, Vocal Flex",90s,Female
No One,Alicia Keys,90,"R&B, Soul, Vocal Flex",2000s,Female
Dear Maria Count Me In,All Time Low,85,"Emo / Pop Punk, Medium",2000s,Male
Best Day of My Life,American Authors,93,"Pop, Alternative / Indie, Group Songs, Easy",2010s,Male
Valerie,Amy Winehouse,90,"Soul, Pop, Medium",2000s,Female
505,Arctic Monkeys,70,"Alternative / Indie, Medium",2000s,Male
Are You Mine?,Arctic Monkeys,75,"Alternative / Indie, Rock, Medium",2010s,Male
Do I Wanna Know?,Arctic Monkeys,88,"Alternative / Indie, Easy",2010s,Male
Fluorescent Adolescent,Arctic Monkeys,80,"Alternative / Indie, Medium",2000s,Male
Why'd You Only Call Me When You're High?,Arctic Monkeys,78,"Alternative / Indie, Easy",2010s,Male
Respect,Aretha Franklin,94,"Soul, Vocal Flex",60s,Female
Complicated,Avril Lavigne,92,"Pop, Easy",2000s,Female
Sk8er Boi,Avril Lavigne,95,"Emo / Pop Punk, Group Songs, Medium",2000s,Female
Everybody (Backstreet's Back),Backstreet Boys,98,"Pop, Group Songs, Easy",90s,Male
I Want It That Way,Backstreet Boys,100,"Pop, Group Songs, Easy",90s,Male
Meant to Be,Bebe Rexha & Florida Georgia Line,88,"Pop, Country, Duets, Easy",2010s,Mixed
Stayin' Alive,Bee Gees,95,"Pop, Vocal Flex",70s,Male
Run the World (Girls),Beyonce,85,"Pop, R&B, Vocal Flex",2010s,Female
Single Ladies,Beyonce,95,"Pop, Group Songs, Medium",2000s,Female
Crazy in Love,Beyonce ft. Jay-Z,95,"Pop, R&B, Rap, Medium",2000s,Female
Save a Horse (Ride a Cowboy),Big & Rich,97,"Country, Group Songs, Easy",2000s,Male
Good Directions,Billy Currington,75,"Country, Easy",2000s,Male
Must Be Doin' Somethin' Right,Billy Currington,70,"Country, Easy",2000s,Male
People Are Crazy,Billy Currington,85,"Country, Easy",2000s,Male
Piano Man,Billy Joel,100,"Pop, Rock, Group Songs, Medium",70s,Male
Boom Boom Pow,Black Eyed Peas,90,"Pop, Hip-Hop, Group Songs, Easy",2000s,Mixed
I Gotta Feeling,Black Eyed Peas,100,"Pop, Group Songs, Easy",2000s,Mixed
No Diggity,Blackstreet,92,"R&B, Hip-Hop, Medium",90s,Male
Austin,Blake Shelton,80,"Country, Easy",2000s,Male
Boys 'Round Here,Blake Shelton,92,"Country, Group Songs, Easy",2010s,Male
God Gave Me You,Blake Shelton,88,"Country, Easy",2010s,Male
Hillbilly Bone,Blake Shelton,90,"Country, Duets, Easy",2010s,Mixed
Honey Bee,Blake Shelton,85,"Country, Easy",2010s,Male
Ol' Red,Blake Shelton,88,"Country, Medium",2000s,Male
Some Beach,Blake Shelton,90,"Country, Easy",2000s,Male
No Rain,Blind Melon,85,"Alternative / Indie, Easy",90s,Male
Adam's Song,Blink-182,80,"Emo / Pop Punk, Medium",90s,Male
All the Small Things,Blink-182,98,"Emo / Pop Punk, Group Songs, Easy",90s,Male
First Date,Blink-182,90,"Emo / Pop Punk, Medium",2000s,Male
I Miss You,Blink-182,92,"Emo / Pop Punk, Medium",2000s,Male
What's My Age Again?,Blink-182,95,"Emo / Pop Punk, Group Songs, Medium",90s,Male
Hooked on a Feeling,Blue Swede,95,"Pop, Group Songs, Easy",70s,Male
Livin' on a Prayer,Bon Jovi,100,"Rock, Group Songs, Vocal Flex",80s,Male
Total Eclipse of the Heart,Bonnie Tyler,98,"Pop, Vocal Flex",80s,Female
1985,Bowling for Soup,95,"Emo / Pop Punk, Group Songs, Easy",2000s,Male
Hit Me Baby One More Time,Britney Spears,100,"Pop, Group Songs, Easy",90s,Female
Oops!... I Did It Again,Britney Spears,98,"Pop, Group Songs, Easy",2000s,Female
Toxic,Britney Spears,95,"Pop, Medium",2000s,Female
Boot Scootin' Boogie,Brooks & Dunn,97,"Country, Group Songs, Easy",90s,Male
Brand New Man,Brooks & Dunn,85,"Country, Duets, Medium",90s,Male
Cowgirls Don't Cry,Brooks & Dunn,80,"Country, Medium",2000s,Male
My Maria,Brooks & Dunn,88,"Country, Medium",90s,Male
Neon Moon,Brooks & Dunn,100,"Country, Easy",90s,Male
Play Something Country,Brooks & Dunn,92,"Country, Easy",2000s,Male
Yeah,Brooks & Dunn,85,"Country, Medium",90s,Male
24K Magic,Bruno Mars,98,"Pop, R&B, Group Songs, Medium",2010s,Male
Grenade,Bruno Mars,95,"Pop, Vocal Flex",2010s,Male
Just the Way You Are,Bruno Mars,97,"Pop, Easy",2010s,Male
Locked Out of Heaven,Bruno Mars,95,"Pop, Rock, Medium",2010s,Male
Treasure,Bruno Mars,9,"Pop, Group Songs, Medium",2010s,Male
Call Me Maybe,Carly Rae Jepsen,98,"Pop, Group Songs, Easy",2010s,Female
Before He Cheats,Carrie Underwood,98,"Country, Vocal Flex",2000s,Female
Yeah 3x,Chris Brown,90,"Pop, Group Songs, Easy",2010s,Male
Tennessee Whiskey,Chris Stapleton,100,"Country, Soul, Vocal Flex",2010s,Male
Beautiful,Christina Aguilera,92,"Pop, Vocal Flex",2000s,Female
Dirrty,Christina Aguilera,80,"Pop, Medium",2000s,Female
Genie in a Bottle,Christina Aguilera,95,"Pop, Easy",90s,Female
Accidentally in Love,Counting Crows,85,"Pop, Easy",2000s,Male
Mr. Jones,Counting Crows,90,"Rock, Alternative / Indie, Medium",90s,Male
Cupid Shuffle,Cupid,100,"Pop, Group Songs, Easy",2000s,Male
Girls Just Want to Have Fun,Cyndi Lauper,100,"Pop, Group Songs, Easy",80s,Female
Tequila,Dan + Shay,80,"Country, Easy",2010s,Male
Wagon Wheel,Darius Rucker,100,"Country, Group Songs, Easy",2010s,Male
Hands Down,Dashboard Confessional,85,"Emo / Pop Punk, Medium",2000s,Male
Vindicated,Dashboard Confessional,80,"Emo / Pop Punk, Medium",2000s,Male
Ants Marching,Dave Matthews Band,70,"Rock, Alternative / Indie, Medium",90s,Male
Crash Into Me,Dave Matthews Band,85,"Alternative / Indie, Easy",90s,Male
Dreaming Tree,Dave Matthews Band,50,"Alternative / Indie, Hard",90s,Male
Grey Street,Dave Matthews Band,65,"Alternative / Indie, Medium",2000s,Male
Satellite,Dave Matthews Band,75,"Alternative / Indie, Medium",90s,Male
Dust on the Bottle,David Lee Murphy,90,"Country, Easy",90s,Male
Strawberry Wine,Deana Carter,92,"Country, Easy",90s,Female
Pour Some Sugar on Me,Def Leppard,98,"Rock, Hard Rock, Group Songs, Easy",80s,Male
Say My Name,Destiny's Child,95,"R&B, Group Songs, Medium",90s,Female
Come On Eileen,Dexys Midnight Runners,98,"Pop, Group Songs, Medium",80s,Male
Drunk on a Plane,Dierks Bentley,95,"Country, Group Songs, Easy",2010s,Male
Cha Cha Slide,DJ Casper,100,"Pop, Group Songs, Easy",2000s,Mixed
Cake by the Ocean,DNCE,95,"Pop, Group Songs, Medium",2010s,Male
American Pie,Don McLean,95,"Rock, Group Songs, Hard",70s,Male
Don't Speak,No Doubt,95,"Pop, Rock, Medium",90s,Female
God's Plan,Drake,90,"Hip-Hop, Rap, Easy",2010s,Male
Hotline Bling,Drake,95,"Hip-Hop, Rap, Easy",2010s,Male
Nice for What,Drake,85,"Hip-Hop, Rap, Medium",2010s,Male
One Dance,Drake,92,"Pop, Hip-Hop, Easy",2010s,Male
Started From the Bottom,Drake,90,"Hip-Hop, Rap, Easy",2010s,Male
Barbra Streisand,Duck Sauce,90,"Pop, Group Songs, Easy",2010s,Mixed
Hotel California,Eagles,100,"Rock, Group Songs, Medium",70s,Male
Life in the Fast Lane,Eagles,85,"Rock, Medium",70s,Male
Take It Easy,Eagles,90,"Rock, Easy",70s,Male
September,Earth Wind & Fire,100,"R&B, Soul, Group Songs, Easy",70s,Mixed
Perfect,Ed Sheeran,95,"Pop, Easy",2010s,Male
Shape of You,Ed Sheeran,98,"Pop, Easy",2010s,Male
Thinking Out Loud,Ed Sheeran,95,"Pop, Easy",2010s,Male
Take Me Home Tonight,Eddie Money,90,"Rock, Medium",80s,Male
Home,Edward Sharpe & The Magnetic Zeros,95,"Alternative / Indie, Duets, Easy",2010s,Mixed
Don't Bring Me Down,ELO,95,"Rock, Group Songs, Easy",70s,Male
Mr. Blue Sky,ELO,92,"Rock, Pop, Medium",70s,Male
Lose Yourself,Eminem,95,"Rap, Vocal Flex",2000s,Male
Walking on a Dream,Empire of the Sun,85,"Alternative / Indie, Easy",2000s,Male
Drink in My Hand,Eric Church,90,"Country, Easy",2010s,Male
Springsteen,Eric Church,92,"Country, Easy",2010s,Male
Talladega,Eric Church,88,"Country, Easy",2010s,Male
Inside Out,Eve 6,85,"Alternative / Indie, Medium",90s,Male
"Dance, Dance",Fall Out Boy,95,"Emo / Pop Punk, Group Songs, Medium",2000s,Male
"Sugar, We're Goin Down",Fall Out Boy,98,"Emo / Pop Punk, Group Songs, Medium",2000s,Male
Thnks fr th Mmrs,Fall Out Boy,95,"Emo / Pop Punk, Medium",2000s,Male
Dreams,Fleetwood Mac,95,"Rock, Easy",70s,Female
Go Your Own Way,Fleetwood Mac,95,"Rock, Group Songs, Medium",70s,Male
Landslide,Fleetwood Mac,98,"Rock, Easy",70s,Female
Rhiannon,Fleetwood Mac,90,"Rock, Medium",70s,Female
Low,Flo Rida ft. T-Pain,98,"Hip-Hop, Rap, Group Songs, Easy",2000s,Male
Cosmic Love,Florence + The Machine,70,"Alternative / Indie, Vocal Flex",2010s,Female
Dog Days Are Over,Florence + The Machine,95,"Alternative / Indie, Group Songs, Vocal Flex",2010s,Female
Shake It Out,Florence + The Machine,90,"Alternative / Indie, Vocal Flex",2010s,Female
Cruise,Florida Georgia Line,98,"Country, Group Songs, Easy",2010s,Male
Cruise (Remix),Florida Georgia Line ft. Nelly,95,"Country, Hip-Hop, Group Songs, Easy",2010s,Mixed
Best of You,Foo Fighters,95,"Rock, Vocal Flex",2000s,Male
Everlong,Foo Fighters,98,"Rock, Medium",90s,Male
My Hero,Foo Fighters,90,"Rock, Medium",90s,Male
The Pretender,Foo Fighters,85,"Rock, Hard",2000s,Male
Pumped Up Kicks,Foster The People,95,"Alternative / Indie, Easy",2010s,Male
Sit Next to Me,Foster The People,85,"Alternative / Indie, Easy",2010s,Male
Stacy's Mom,Fountains of Wayne,98,"Pop, Rock, Group Songs, Easy",2000s,Male
Take Me Out,Franz Ferdinand,95,"Alternative / Indie, Rock, Medium",2000s,Male
Killing Me Softly,Fugees,95,"R&B, Soul, Medium",90s,Female
Carry On,fun.,90,"Pop, Group Songs, Medium",2010s,Male
Some Nights,fun.,95,"Pop, Group Songs, Medium",2010s,Male
We Are Young,fun.,98,"Pop, Group Songs, Easy",2010s,Mixed
Mask Off,Future,80,"Hip-Hop, Rap, Medium",2010s,Male
Callin' Baton Rouge,Garth Brooks,95,"Country, Group Songs, Medium",90s,Male
Friends in Low Places,Garth Brooks,100,"Country, Group Songs, Easy",90s,Male
Much Too Young,Garth Brooks,75,"Country, Medium",90s,Male
The Dance,Garth Brooks,90,"Country, Easy",90s,Male
The Thunder Rolls,Garth Brooks,92,"Country, Medium",90s,Male
Budapest,George Ezra,90,"Pop, Easy",2010s,Male
Green Green Grass,George Ezra,80,"Pop, Easy",2020s,Male
Shotgun,George Ezra,95,"Pop, Easy",2010s,Male
All My Ex's Live in Texas,George Strait,95,"Country, Easy",80s,Male
Amarillo By Morning,George Strait,95,"Country, Easy",80s,Male
Check Yes or No,George Strait,95,"Country, Easy",90s,Male
The Chair,George Strait,80,"Country, Medium",80s,Male
Write This Down,George Strait,90,"Country, Easy",90s,Male
I Will Survive,Gloria Gaynor,100,"Pop, Group Songs, Vocal Flex",70s,Female
Black Balloon,Goo Goo Dolls,75,"Rock, Medium",90s,Male
Iris,Goo Goo Dolls,98,"Rock, Vocal Flex",90s,Male
Slide,Goo Goo Dolls,85,"Rock, Medium",90s,Male
Lifestyles of the Rich & Famous,Good Charlotte,95,"Emo / Pop Punk, Group Songs, Easy",2000s,Male
The Anthem,Good Charlotte,90,"Emo / Pop Punk, Medium",2000s,Male
Somebody That I Used to Know,Gotye ft. Kimbra,98,"Pop, Duets, Medium",2010s,Mixed
American Idiot,Green Day,98,"Punk Rock, Group Songs, Medium",2000s,Male
Basket Case,Green Day,100,"Punk Rock, Group Songs, Medium",90s,Male
Boulevard of Broken Dreams,Green Day,98,"Rock, Medium",2000s,Male
Good Riddance (Time of Your Life),Green Day,98,"Rock, Easy",90s,Male
Holiday,Green Day,95,"Punk Rock, Group Songs, Medium",2000s,Male
When I Come Around,Green Day,95,"Punk Rock, Medium",90s,Male
Tongue Tied,Grouplove,95,"Alternative / Indie, Group Songs, Easy",2010s,Male
Paradise City,Guns N' Roses,98,"Rock, Hard Rock, Vocal Flex",80s,Male
Sweet Child O' Mine,Guns N' Roses,100,"Rock, Vocal Flex",80s,Male
Welcome to the Jungle,Guns N' Roses,95,"Hard Rock, Vocal Flex",80s,Male
Hollaback Girl,Gwen Stefani,98,"Pop, Group Songs, Easy",2000s,Female
The Sweet Escape,Gwen Stefani,90,"Pop, Duets, Easy",2000s,Female
Stereo Hearts,Gym Class Heroes,92,"Pop, Rap, Medium",2010s,Male
Adore You,Harry Styles,90,"Pop, Easy",2010s,Male
As It Was,Harry Styles,95,"Pop, Easy",2020s,Male
Sign of the Times,Harry Styles,90,"Pop, Vocal Flex",2010s,Male
Watermelon Sugar,Harry Styles,95,"Pop, Group Songs, Easy",2020s,Male
Flagpole Sitta,Harvey Danger,90,"Alternative / Indie, Medium",90s,Male
The Reason,Hoobastank,95,"Rock, Medium",2000s,Male
Cherry Wine,Hozier,75,"Alternative / Indie, Easy",2010s,Male
Take Me to Church,Hozier,98,"Soul, Alternative / Indie, Vocal Flex",2010s,Male
Believer,Imagine Dragons,95,"Rock, Vocal Flex",2010s,Male
Demons,Imagine Dragons,92,"Rock, Easy",2010s,Male
Radioactive,Imagine Dragons,95,"Rock, Medium",2010s,Male
Drive,Incubus,90,"Alternative / Indie, Easy",2000s,Male
Pardon Me,Incubus,85,"Rock, Medium",90s,Male
Wish You Were Here,Incubus,85,"Alternative / Indie, Easy",2000s,Male
Centerfold,J. Geils Band,95,"Rock, Group Songs, Easy",80s,Male
Big Green Tractor,Jason Aldean,85,"Country, Easy",2000s,Male
Burnin' It Down,Jason Aldean,85,"Country, Easy",2010s,Male
Dirt Road Anthem,Jason Aldean,95,"Country, Rap, Group Songs, Easy",2010s,Male
She's Country,Jason Aldean,90,"Country, Medium",2000s,Male
Take a Little Ride,Jason Aldean,88,"Country, Easy",2010s,Male
Are You Gonna Be My Girl,Jet,98,"Rock, Group Songs, Easy",2000s,Male
The Middle,Jimmy Eat World,100,"Emo / Pop Punk, Group Songs, Easy",2000s,Male
Tipsy,J-Kwon,95,"Hip-Hop, Rap, Group Songs, Easy",2000s,Male
Bye Bye,Jo Dee Messina,85,"Country, Easy",90s,Female
"Heads Carolina, Tails California",Jo Dee Messina,95,"Country, Easy",90s,Female
Brokenheartsville,Joe Nichols,90,"Country, Easy",2000s,Male
Tequila Makes Her Clothes Fall Off,Joe Nichols,95,"Country, Group Songs, Easy",2000s,Male
Country Roads,John Denver,100,"Country, Group Songs, Easy",70s,Male
All of Me,John Legend,100,"Pop, Easy",2010s,Male
Ordinary People,John Legend,85,"R&B, Vocal Flex",2000s,Male
Be My Baby Tonight,John Michael Montgomery,90,"Country, Easy",90s,Male
Sold (The Grundy County Auction),John Michael Montgomery,95,"Country, Hard",90s,Male
Buy Dirt,Jordan Davis,85,"Country, Easy",2020s,Male
Next Thing You Know,Jordan Davis,80,"Country, Easy",2020s,Male
Don't Stop Believin',Journey,100,"Rock, Group Songs, Vocal Flex",80s,Male
Livin' After Midnight,Judas Priest,85,"Metal / Hard Rock, Medium",80s,Male
Lucid Dreams,Juice WRLD,90,"Hip-Hop, Rap, Easy",2010s,Male
Stronger,Kanye West,95,"Hip-Hop, Rap, Medium",2000s,Male
Gold Digger,Kanye West ft. Jamie Foxx,98,"Hip-Hop, Rap, Group Songs, Medium",2000s,Male
California Gurls,Katy Perry,95,"Pop, Group Songs, Easy",2010s,Female
Dark Horse,Katy Perry,92,"Pop, Medium",2010s,Female
Firework,Katy Perry,100,"Pop, Vocal Flex",2010s,Female
Roar,Katy Perry,98,"Pop, Group Songs, Easy",2010s,Female
Teenage Dream,Katy Perry,95,"Pop, Easy",2010s,Female
Blue Ain't Your Color,Keith Urban,85,"Country, Easy",2010s,Male
Somebody Like You,Keith Urban,95,"Country, Easy",2000s,Male
Who Wouldn't Wanna Be Me,Keith Urban,85,"Country, Easy",2000s,Male
You'll Think of Me,Keith Urban,88,"Country, Easy",2000s,Male
Since U Been Gone,Kelly Clarkson,100,"Pop, Rock, Vocal Flex",2000s,Female
Stronger (What Doesn't Kill You),Kelly Clarkson,98,"Pop, Group Songs, Medium",2010s,Female
Alright,Kendrick Lamar,85,"Hip-Hop, Rap, Medium",2010s,Male
HUMBLE.,Kendrick Lamar,95,"Hip-Hop, Rap, Easy",2010s,Male
Swimming Pools,Kendrick Lamar,90,"Hip-Hop, Rap, Medium",2010s,Male
Footloose,Kenny Loggins,100,"Pop, Group Songs, Easy",80s,Male
Die Young,Kesha,95,"Pop, Group Songs, Easy",2010s,Female
Tik Tok,Kesha,100,"Pop, Group Songs, Easy",2010s,Female
Sex on Fire,Kings of Leon,95,"Rock, Medium",2000s,Male
Use Somebody,Kings of Leon,98,"Rock, Medium",2000s,Male
Celebration,Kool & The Gang,100,"R&B, Soul, Group Songs, Easy",80s,Mixed
Need You Now,Lady A,100,"Country, Duets, Easy",2010s,Mixed
Bad Romance,Lady Gaga,100,"Pop, Group Songs, Medium",2010s,Female
Born This Way,Lady Gaga,98,"Pop, Group Songs, Medium",2010s,Female
Just Dance,Lady Gaga,100,"Pop, Group Songs, Easy",2000s,Female
Poker Face,Lady Gaga,100,"Pop, Group Songs, Easy",2000s,Female
Shallow,Lady Gaga & Bradley Cooper,100,"Pop, Duets, Vocal Flex",2010s,Mixed
Telephone,Lady Gaga ft. Beyonce,95,"Pop, Group Songs, Medium",2010s,Female
Heart Like a Truck,Lainey Wilson,85,"Country, Medium",2020s,Female
Things a Man Oughta Know,Lainey Wilson,88,"Country, Easy",2020s,Female
I Hope You Dance,Lee Ann Womack,95,"Country, Easy",2000s,Female
Get Low,Lil Jon & The East Side Boyz,100,"Hip-Hop, Rap, Group Songs, Easy",2000s,Male
Industry Baby,Lil Nas X,98,"Pop, Rap, Group Songs, Medium",2020s,Male
Montero (Call Me By Your Name),Lil Nas X,95,"Pop, Medium",2020s,Male
Old Town Road,Lil Nas X,100,"Country, Rap, Group Songs, Easy",2010s,Male
XO Tour Llif3,Lil Uzi Vert,85,"Hip-Hop, Rap, Medium",2010s,Male
My Own Worst Enemy,Lit,98,"Rock, Group Songs, Easy",90s,Male
Boondocks,Little Big Town,95,"Country, Group Songs, Easy",2000s,Mixed
Girl Crush,Little Big Town,90,"Country, Easy",2010s,Female
Pontoon,Little Big Town,95,"Country, Group Songs, Easy",2010s,Mixed
Good as Hell,Lizzo,98,"Pop, Soul, Group Songs, Easy",2010s,Female
Juice,Lizzo,95,"Pop, Soul, Medium",2010s,Female
Truth Hurts,Lizzo,100,"Pop, Group Songs, Medium",2010s,Female
Party Rock Anthem,LMFAO,100,"Pop, Group Songs, Easy",2010s,Male
Sexy and I Know It,LMFAO,100,"Pop, Group Songs, Easy",2010s,Male
Shots,LMFAO ft. Lil Jon,100,"Pop, Hip-Hop, Group Songs, Easy",2010s,Male
Amazed,Lonestar,95,"Country, Easy",90s,Male
My Front Porch Looking In,Lonestar,90,"Country, Easy",2000s,Male
Macarena,Los Del Rio,100,"Pop, Group Songs, Easy",90s,Mixed
Country Girl (Shake It for Me),Luke Bryan,100,"Country, Group Songs, Easy",2010s,Male
Drunk on You,Luke Bryan,95,"Country, Easy",2010s,Male
Play It Again,Luke Bryan,90,"Country, Easy",2010s,Male
That's My Kind of Night,Luke Bryan,95,"Country, Group Songs, Easy",2010s,Male
Beautiful Crazy,Luke Combs,95,"Country, Easy",2010s,Male
Beer Never Broke My Heart,Luke Combs,98,"Country, Group Songs, Easy",2010s,Male
Forever After All,Luke Combs,90,"Country, Easy",2020s,Male
Hurricane,Luke Combs,92,"Country, Medium",2010s,Male
When It Rains It Pours,Luke Combs,98,"Country, Easy",2010s,Male
Free Bird,Lynyrd Skynyrd,100,"Rock, Vocal Flex",70s,Male
Simple Man,Lynyrd Skynyrd,95,"Rock, Easy",70s,Male
Sweet Home Alabama,Lynyrd Skynyrd,100,"Rock, Group Songs, Easy",70s,Male
Die From a Broken Heart,Maddie & Tae,85,"Country, Medium",2010s,Female
Girl in a Country Song,Maddie & Tae,95,"Country, Group Songs, Easy",2010s,Female
Like a Prayer,Madonna,100,"Pop, Group Songs, Vocal Flex",80s,Female
Material Girl,Madonna,95,"Pop, Easy",80s,Female
Vogue,Madonna,90,"Pop, Group Songs, Medium",90s,Female
Sex & Candy,Marcy Playground,85,"Alternative / Indie, Easy",90s,Male
Return of the Mack,Mark Morrison,95,"R&B, Easy",90s,Male
Uptown Funk,Mark Ronson ft. Bruno Mars,100,"Pop, Funk, Group Songs, Medium",2010s,Male
Maps,Maroon 5,90,"Pop, Medium",2010s,Male
She Will Be Loved,Maroon 5,95,"Pop, Easy",2000s,Male
Sugar,Maroon 5,98,"Pop, Group Songs, Easy",2010s,Male
Sunday Morning,Maroon 5,90,"Pop, Easy",2000s,Male
This Love,Maroon 5,95,"Pop, Medium",2000s,Male
Independence Day,Martina McBride,90,"Country, Vocal Flex",90s,Female
This One's for the Girls,Martina McBride,95,"Country, Group Songs, Easy",2000s,Female
3AM,Matchbox Twenty,90,"Rock, Easy",90s,Male
Bent,Matchbox Twenty,85,"Rock, Easy",2000s,Male
If You're Gone,Matchbox Twenty,85,"Rock, Easy",2000s,Male
Push,Matchbox Twenty,90,"Rock, Medium",90s,Male
Unwell,Matchbox Twenty,95,"Rock, Medium",2000s,Male
Electric Feel,MGMT,95,"Alternative / Indie, Easy",2000s,Male
Kids,MGMT,98,"Alternative / Indie, Group Songs, Easy",2000s,Male
Time to Pretend,MGMT,90,"Alternative / Indie, Medium",2000s,Male
Beat It,Michael Jackson,100,"Pop, Rock, Group Songs, Medium",80s,Male
Billie Jean,Michael Jackson,100,"Pop, Medium",80s,Male
Man in the Mirror,Michael Jackson,100,"Pop, Vocal Flex",80s,Male
Smooth Criminal,Michael Jackson,98,"Pop, Medium",80s,Male
The Way You Make Me Feel,Michael Jackson,95,"Pop, Group Songs, Medium",80s,Male
Bad and Boujee,Migos,90,"Hip-Hop, Rap, Medium",2010s,Male
Walk It Talk It,Migos,85,"Hip-Hop, Rap, Medium",2010s,Male
Flowers,Miley Cyrus,100,"Pop, Easy",2020s,Female
Party in the U.S.A.,Miley Cyrus,100,"Pop, Group Songs, Easy",2000s,Female
The Climb,Miley Cyrus,95,"Pop, Easy",2000s,Female
Wrecking Ball,Miley Cyrus,100,"Pop, Vocal Flex",2010s,Female
Gunpowder & Lead,Miranda Lambert,95,"Country, Medium",2000s,Female
Kerosene,Miranda Lambert,90,"Country, Medium",2000s,Female
Mama's Broken Heart,Miranda Lambert,98,"Country, Group Songs, Easy",2010s,Female
The House That Built Me,Miranda Lambert,95,"Country, Easy",2010s,Female
Get Ur Freak On,Missy Elliott,98,"Hip-Hop, Rap, Medium",2000s,Female
Lose Control,Missy Elliott,95,"Hip-Hop, Rap, Group Songs, Medium",2000s,Female
Work It,Missy Elliott,95,"Hip-Hop, Rap, Medium",2000s,Female
Float On,Modest Mouse,90,"Alternative / Indie, Easy",2000s,Male
This Is How We Do It,Montell Jordan,98,"R&B, Group Songs, Easy",90s,Male
Helena,My Chemical Romance,90,"Emo / Pop Punk, Medium",2000s,Male
I'm Not Okay (I Promise),My Chemical Romance,95,"Emo / Pop Punk, Group Songs, Medium",2000s,Male
Teenagers,My Chemical Romance,98,"Emo / Pop Punk, Group Songs, Easy",2000s,Male
Welcome to the Black Parade,My Chemical Romance,100,"Emo / Pop Punk, Group Songs, Vocal Flex",2000s,Male
Torn,Natalie Imbruglia,98,"Pop, Easy",90s,Female
Unwritten,Natasha Bedingfield,100,"Pop, Group Songs, Easy",2000s,Female
Sweet Caroline,Neil Diamond,100,"Pop, Group Songs, Easy",60s,Male
Hot in Herre,Nelly,100,"Hip-Hop, Rap, Group Songs, Easy",2000s,Male
Far Away,Nickelback,85,"Rock, Easy",2000s,Male
How You Remind Me,Nickelback,95,"Rock, Medium",2000s,Male
Photograph,Nickelback,95,"Rock, Medium",2000s,Male
Someday,Nickelback,90,"Rock, Medium",2000s,Male
Anaconda,Nicki Minaj,90,"Hip-Hop, Rap, Medium",2010s,Female
Super Bass,Nicki Minaj,98,"Pop, Rap, Group Songs, Medium",2010s,Female
Absolutely (Story of a Girl),Nine Days,95,"Pop, Easy",2000s,Male
Come As You Are,Nirvana,95,"Rock, Easy",90s,Male
Lithium,Nirvana,90,"Rock, Medium",90s,Male
Smells Like Teen Spirit,Nirvana,100,"Rock, Vocal Flex",90s,Male
Spirit in the Sky,Norman Greenbaum,90,"Rock, Easy",60s,Male
Bye Bye Bye,NSYNC,100,"Pop, Group Songs, Easy",2000s,Male
Tearin' Up My Heart,NSYNC,95,"Pop, Group Songs, Easy",90s,Male
Wonderwall,Oasis,100,"Rock, Easy",90s,Male
Dirty Paws,Of Monsters and Men,85,"Alternative / Indie, Medium",2010s,Mixed
Little Talks,Of Monsters and Men,95,"Alternative / Indie, Duets, Group Songs, Medium",2010s,Mixed
Apologize,OneRepublic,95,"Pop, Medium",2000s,Male
Counting Stars,OneRepublic,98,"Pop, Group Songs, Medium",2010s,Male
Get the Party Started,P!nk,98,"Pop, Group Songs, Easy",2000s,Female
Just Like a Pill,P!nk,95,"Pop, Medium",2000s,Female
Raise Your Glass,P!nk,100,"Pop, Group Songs, Easy",2010s,Female
So What,P!nk,98,"Pop, Group Songs, Medium",2000s,Female
I Write Sins Not Tragedies,Panic! At The Disco,100,"Emo / Pop Punk, Group Songs, Medium",2000s,Male
Misery Business,Paramore,100,"Emo / Pop Punk, Vocal Flex",2000s,Female
Sleepyhead,Passion Pit,80,"Alternative / Indie, Medium",2000s,Male
Take a Walk,Passion Pit,90,"Alternative / Indie, Medium",2010s,Male
Fireball,Pitbull,95,"Pop, Rap, Group Songs, Easy",2010s,Male
Timber,Pitbull ft. Kesha,100,"Pop, Country, Group Songs, Easy",2010s,Mixed
Give Me Everything,Pitbull ft. Ne-Yo,98,"Pop, Group Songs, Easy",2010s,Mixed
Hey There Delilah,Plain White T's,98,"Pop, Easy",2000s,Male
Every Rose Has Its Thorn,Poison,95,"Rock, Easy",80s,Male
Nothin' But a Good Time,Poison,95,"Rock, Group Songs, Easy",80s,Male
Talk Dirty to Me,Poison,90,"Rock, Medium",80s,Male
Feel It Still,Portugal. The Man,95,"Pop, Alternative / Indie, Easy",2010s,Male
Live in the Moment,Portugal. The Man,85,"Alternative / Indie, Easy",2010s,Male
Another One Bites the Dust,Queen,100,"Rock, Group Songs, Easy",80s,Male
Bohemian Rhapsody,Queen,100,"Rock, Group Songs, Vocal Flex",70s,Mixed
Crazy Little Thing Called Love,Queen,95,"Rock, Easy",70s,Male
Don't Stop Me Now,Queen,100,"Rock, Group Songs, Medium",70s,Male
We Are the Champions,Queen,100,"Rock, Group Songs, Easy",70s,Male
We Will Rock You,Queen,100,"Rock, Group Songs, Easy",70s,Male
Under Pressure,Queen & David Bowie,98,"Rock, Duets, Vocal Flex",80s,Mixed
Creep,Radiohead,98,"Alternative / Indie, Medium",90s,Male
Bless the Broken Road,Rascal Flatts,95,"Country, Easy",2000s,Male
Bless the Broken Road,Rascal Flatts,95,"Country, Easy",2000s,Male
Here Comes Goodbye,Rascal Flatts,85,"Country, Easy",2000s,Male
I Melt,Rascal Flatts,80,"Country, Easy",2000s,Male
Life Is a Highway,Rascal Flatts,100,"Country, Rock, Group Songs, Easy",2000s,Male
Mayberry,Rascal Flatts,85,"Country, Easy",2000s,Male
My Wish,Rascal Flatts,95,"Country, Easy",2000s,Male
What Hurts the Most,Rascal Flatts,100,"Country, Vocal Flex",2000s,Male
Consider Me Gone,Reba McEntire,90,"Country, Vocal Flex",2000s,Female
Fancy,Reba McEntire,95,"Country, Vocal Flex",90s,Female
Take It Back,Reba McEntire,85,"Country, Medium",2010s,Female
Come and Get Your Love,Redbone,95,"Pop, Rock, Easy",70s,Male
Jessie's Girl,Rick Springfield,100,"Rock, Group Songs, Easy",80s,Male
Disturbia,Rihanna,95,"Pop, Medium",2000s,Female
Only Girl (In the World),Rihanna,98,"Pop, Group Songs, Medium",2010s,Female
Pon de Replay,Rihanna,90,"Pop, Medium",2000s,Female
We Found Love,Rihanna,100,"Pop, Group Songs, Easy",2010s,Female
Umbrella,Rihanna ft. Jay-Z,100,"Pop, Rap, Group Songs, Easy",2000s,Female
Body Like a Back Road,Sam Hunt,98,"Country, Easy",2010s,Male
I'm Not the Only One,Sam Smith,95,"Pop, Soul, Easy",2010s,Male
Stay With Me,Sam Smith,100,"Pop, Soul, Easy",2010s,Male
Too Good at Goodbyes,Sam Smith,95,"Pop, Soul, Medium",2010s,Male
Maria Maria,Santana,95,"Rock, Latin, Easy",90s,Male
Smooth,Santana ft. Rob Thomas,100,"Rock, Pop, Easy",90s,Male
Rock You Like a Hurricane,Scorpions,95,"Hard Rock, Medium",80s,Male
Temperature,Sean Paul,95,"Pop, Dancehall, Medium",2000s,Male
Closing Time,Semisonic,100,"Rock, Group Songs, Easy",90s,Male
Man! I Feel Like a Woman!,Shania Twain,100,"Country, Group Songs, Easy",90s,Female
Mo Bamba,Sheck Wes,85,"Hip-Hop, Rap, Medium",2010s,Male
Don't You (Forget About Me),Simple Minds,100,"Rock, Group Songs, Easy",80s,Male
Baby Got Back,Sir Mix-a-Lot,100,"Hip-Hop, Rap, Group Songs, Easy",90s,Male
We Are Family,Sister Sledge,100,"Pop, Group Songs, Easy",70s,Female
All Star,Smash Mouth,100,"Pop, Group Songs, Easy",90s,Male
I'm a Believer,Smash Mouth,98,"Pop, Group Songs, Easy",2000s,Male
Chasing Cars,Snow Patrol,95,"Rock, Easy",2000s,Male
Edge of Seventeen,Stevie Nicks,95,"Rock, Medium",80s,Female
Badfish,Sublime,90,"Alternative / Indie, Easy",90s,Male
Santeria,Sublime,98,"Alternative / Indie, Easy",90s,Male
What I Got,Sublime,98,"Alternative / Indie, Easy",90s,Male
Wrong Way,Sublime,90,"Alternative / Indie, Medium",90s,Male
22,Taylor Swift,98,"Pop, Group Songs, Easy",2010s,Female
Blank Space,Taylor Swift,100,"Pop, Group Songs, Easy",2010s,Female
Cruel Summer,Taylor Swift,100,"Pop, Vocal Flex",2010s,Female
Love Story,Taylor Swift,100,"Pop, Country, Group Songs, Easy",2000s,Female
Shake It Off,Taylor Swift,100,"Pop, Group Songs, Easy",2010s,Female
We Are Never Ever Getting Back Together,Taylor Swift,100,"Pop, Group Songs, Easy",2010s,Female
You Belong With Me,Taylor Swift,100,"Pop, Country, Group Songs, Easy",2000s,Female
Dirty Little Secret,The All-American Rejects,95,"Emo / Pop Punk, Medium",2000s,Male
Gives You Hell,The All-American Rejects,100,"Emo / Pop Punk, Group Songs, Easy",2000s,Male
Move Along,The All-American Rejects,95,"Emo / Pop Punk, Medium",2000s,Male
"Swing, Swing",The All-American Rejects,90,"Emo / Pop Punk, Medium",2000s,Male
Love Shack,The B-52's,100,"Pop, Group Songs, Easy",80s,Mixed
Better Dig Two,The Band Perry,90,"Country, Medium",2010s,Female
If I Die Young,The Band Perry,95,"Country, Easy",2010s,Female
Come Together,The Beatles,95,"Rock, Medium",60s,Male
Hey Jude,The Beatles,100,"Rock, Group Songs, Easy",60s,Male
I Saw Her Standing There,The Beatles,90,"Rock, Easy",60s,Male
Let It Be,The Beatles,100,"Rock, Easy",70s,Male
Twist and Shout,The Beatles,98,"Rock, Group Songs, Medium",60s,Male
Linger,The Cranberries,95,"Alternative / Indie, Easy",90s,Female
Zombie,The Cranberries,98,"Rock, Vocal Flex",90s,Female
Build Me Up Buttercup,The Foundations,100,"Pop, Group Songs, Easy",60s,Male
Chelsea Dagger,The Fratellis,98,"Rock, Group Songs, Easy",2000s,Male
How to Save a Life,The Fray,95,"Pop, Easy",2000s,Male
Over My Head (Cable Car),The Fray,90,"Pop, Medium",2000s,Male
You Found Me,The Fray,92,"Pop, Medium",2000s,Male
Human,The Killers,95,"Pop, Medium",2000s,Male
Mr. Brightside,The Killers,100,"Alternative / Indie, Group Songs, Medium",2000s,Male
Somebody Told Me,The Killers,95,"Alternative / Indie, Medium",2000s,Male
When You Were Young,The Killers,95,"Rock, Medium",2000s,Male
Ho Hey,The Lumineers,98,"Alternative / Indie, Group Songs, Easy",2010s,Male
Ophelia,The Lumineers,95,"Alternative / Indie, Easy",2010s,Male
Stubborn Love,The Lumineers,90,"Alternative / Indie, Medium",2010s,Male
Daddy Issues,The Neighbourhood,85,"Alternative / Indie, Easy",2010s,Male
Sweater Weather,The Neighbourhood,95,"Alternative / Indie, Easy",2010s,Male
Face Down,The Red Jumpsuit Apparatus,90,"Emo / Pop Punk, Medium",2000s,Male
Blinding Lights,The Weeknd,100,"Pop, Group Songs, Easy",2020s,Male
Can't Feel My Face,The Weeknd,98,"Pop, Easy",2010s,Male
Starboy,The Weeknd,95,"Pop, Medium",2010s,Male
Seven Nation Army,The White Stripes,100,"Rock, Group Songs, Easy",2000s,Male
Semi-Charmed Life,Third Eye Blind,98,"Pop, Group Songs, Easy",90s,Male
Closer to the Edge,Thirty Seconds to Mars,90,"Rock, Vocal Flex",2010s,Male
The Kill,Thirty Seconds to Mars,95,"Rock, Vocal Flex",2000s,Male
Die a Happy Man,Thomas Rhett,95,"Country, Easy",2010s,Male
Get Me Some of That,Thomas Rhett,90,"Country, Easy",2010s,Male
Make Me Wanna,Thomas Rhett,90,"Country, Easy",2010s,Male
T-Shirt,Thomas Rhett,88,"Country, Easy",2010s,Male
Humble and Kind,Tim McGraw,90,"Country, Easy",2010s,Male
"I Like It, I Love It",Tim McGraw,95,"Country, Group Songs, Easy",90s,Male
Live Like You Were Dying,Tim McGraw,95,"Country, Easy",2000s,Male
Something Like That,Tim McGraw,95,"Country, Easy",90s,Male
Proud Mary,Tina Turner,100,"Rock, Soul, Group Songs, Medium",70s,Female
No Scrubs,TLC,100,"R&B, Group Songs, Easy",90s,Female
As Good As I Once Was,Toby Keith,95,"Country, Easy",2000s,Male
"Courtesy of the Red, White and Blue",Toby Keith,90,"Country, Medium",2000s,Male
Red Solo Cup,Toby Keith,100,"Country, Group Songs, Easy",2010s,Male
Should've Been a Cowboy,Toby Keith,95,"Country, Easy",90s,Male
Beer for My Horses,Toby Keith ft. Willie Nelson,95,"Country, Duets, Easy",2000s,Mixed
867-5309/Jenny,Tommy Tutone,98,"Rock, Group Songs, Easy",80s,Male
Africa,Toto,100,"Pop, Rock, Group Songs, Easy",80s,Male
Bartender,T-Pain,90,"Hip-Hop, R&B, Medium",2000s,Male
Buy U a Drank,T-Pain,95,"Hip-Hop, R&B, Easy",2000s,Male
Keeper of the Stars,Tracy Byrd,90,"Country, Easy",90s,Male
Watermelon Crawl,Tracy Byrd,95,"Country, Group Songs, Easy",90s,Male
Fast Car,Tracy Chapman,100,"Pop, Folk, Easy",80s,Female
Drive By,Train,90,"Pop, Easy",2010s,Male
Drops of Jupiter,Train,95,"Pop, Medium",2000s,Male
"Hey, Soul Sister",Train,98,"Pop, Group Songs, Easy",2010s,Male
Goosebumps,Travis Scott,85,"Hip-Hop, Rap, Medium",2010s,Male
Sicko Mode,Travis Scott,80,"Hip-Hop, Rap, Hard",2010s,Male
Drift Away,Uncle Kracker,95,"Rock, Easy",2000s,Male
Follow Me,Uncle Kracker,90,"Pop, Easy",2000s,Male
DJ Got Us Fallin' in Love,Usher,98,"Pop, Group Songs, Easy",2010s,Male
Yeah!,Usher ft. Lil Jon & Ludacris,100,"Hip-Hop, Pop, Group Songs, Easy",2000s,Male
Brown Eyed Girl,Van Morrison,100,"Rock, Group Songs, Easy",60s,Male
Georgia,Vance Joy,80,"Alternative / Indie, Easy",2010s,Male
Riptide,Vance Joy,100,"Alternative / Indie, Easy",2010s,Male
YMCA,Village People,100,"Pop, Group Songs, Easy",70s,Mixed
Shut Up and Dance,WALK THE MOON,100,"Pop, Group Songs, Easy",2010s,Male
Check Yes Juliet,We The Kings,95,"Emo / Pop Punk, Group Songs, Easy",2000s,Male
Teenage Dirtbag,Wheatus,98,"Alternative / Indie, Group Songs, Easy",2000s,Male
Here I Go Again,Whitesnake,98,"Rock, Vocal Flex",80s,Male
I Wanna Dance with Somebody,Whitney Houston,100,"Pop, Group Songs, Vocal Flex",80s,Female
Ocean Avenue,Yellowcard,98,"Emo / Pop Punk, Group Songs, Medium",2000s,Male
We No Speak Americano,Yolanda Be Cool,90,"Pop, Group Songs, Easy",2010s,Mixed
Chicken Fried,Zac Brown Band,100,"Country, Group Songs, Easy",2000s,Male
